{
  "test_accuracy": 0.6841776110068793,
  "roc_auc": 0.7698075719649562,
  "fake_precision": 0.664071190211346,
  "fake_recall": 0.74625,
  "fake_f1": 0.7027663331371395,
  "real_precision": 0.71,
  "real_recall": 0.6220275344180225,
  "real_f1": 0.6631087391594396
}